Workbook

Sheet Dashboard
A1: SSOD IMPLEMENTATION CONTROL DASHBOARD — S0 → S9
A4: OVERALL PROGRESS | D4: TASKS PASS | G4: FAIL / BLOCKED | J4: S9 AUTHORIZED?
A5: 0.08125 | D5: 13 | G5: =COUNTIF(Detailed_Tasks!$H:$H,"FAIL")+COUNTIF(Detailed_Tasks!$H:$H,"BLOCKED") -> 0 | J5: =IF(Stage_Status!C10="CLOSED / PASS","YES","NO") -> NO
A8: CURRENT EXECUTION STATE
A9: Current Stage | B9: Stage Status | C9: Next Gate
A10: S0 | B10: IN_PROGRESS | C10: =INDEX(Stage_Status!$K$2:$K$11,MATCH(A10,Stage_Status!$A$2:$A$11,0)) -> S0 governance artifacts valid + baseline commit/tag created
A12: STAGE STATUS TABLE
A13: Stage | B13: Name | C13: Status | D13: Progress | E13: PASS | F13: Total | H13: HARD-GATE MONITOR
A14: =Stage_Status!A2 -> S0 | B14: =Stage_Status!B2 -> Source / Protocol Lock Verification | C14: CLOSED / PASS | D14: 1 | E14: 14 | F14: 14 | H14: S7 PASS Tasks | J14: =COUNTIFS(Detailed_Tasks!$A:$A,"S7",Detailed_Tasks!$H:$H,"PASS") -> 0
A15: =Stage_Status!A3 -> S1 | B15: =Stage_Status!B3 -> Vast Runtime + Data Ingress + Storage/Backup | C15: =Stage_Status!C3 -> NOT_OPEN | D15: =Stage_Status!D3 -> 0 | E15: =Stage_Status!E3 -> 0 | F15: =Stage_Status!F3 -> 16 | H15: S7 Total Tasks | J15: =COUNTIF(Detailed_Tasks!$A:$A,"S7") -> 27
A16: =Stage_Status!A4 -> S2 | B16: =Stage_Status!B4 -> Shared Infrastructure | C16: =Stage_Status!C4 -> NOT_OPEN | D16: =Stage_Status!D4 -> 0 | E16: =Stage_Status!E4 -> 0 | F16: =Stage_Status!F4 -> 16 | H16: S7 FAIL/BLOCKED | J16: =COUNTIFS(Detailed_Tasks!$A:$A,"S7",Detailed_Tasks!$H:$H,"FAIL")+COUNTIFS(Detailed_Tasks!$A:$A,"S7",Detailed_Tasks!$H:$H,"BLOCKED") -> 0
A17: =Stage_Status!A5 -> S3 | B17: =Stage_Status!B5 -> Supervised Baseline | C17: =Stage_Status!C5 -> NOT_OPEN | D17: =Stage_Status!D5 -> 0 | E17: =Stage_Status!E5 -> 0 | F17: =Stage_Status!F5 -> 14 | H17: S8 Status | J17: =Stage_Status!C10 -> NOT_OPEN
A18: =Stage_Status!A6 -> S4 | B18: =Stage_Status!B6 -> SSL Teacher–Student / EMA / Pseudo-label | C18: =Stage_Status!C6 -> NOT_OPEN | D18: =Stage_Status!D6 -> 0 | E18: =Stage_Status!E6 -> 0 | F18: =Stage_Status!F6 -> 20 | H18: S9 Status | J18: =Stage_Status!C11 -> NOT_AUTHORIZED
A19: =Stage_Status!A7 -> S5 | B19: =Stage_Status!B7 -> Evaluation + Q_pseudo | C19: =Stage_Status!C7 -> NOT_OPEN | D19: =Stage_Status!D7 -> 0 | E19: =Stage_Status!E7 -> 0 | F19: =Stage_Status!F7 -> 10
A20: =Stage_Status!A8 -> S6 | B20: =Stage_Status!B8 -> Statistical Fixtures | C20: =Stage_Status!C8 -> NOT_OPEN | D20: =Stage_Status!D8 -> 0 | E20: =Stage_Status!E8 -> 0 | F20: =Stage_Status!F8 -> 16
A21: =Stage_Status!A9 -> S7 | B21: =Stage_Status!B9 -> Global Preflight | C21: =Stage_Status!C9 -> NOT_OPEN | D21: =Stage_Status!D9 -> 0 | E21: =Stage_Status!E9 -> 0 | F21: =Stage_Status!F9 -> 27
A22: =Stage_Status!A10 -> S8 | B22: =Stage_Status!B10 -> Freeze + Researcher Authorization | C22: =Stage_Status!C10 -> NOT_OPEN | D22: =Stage_Status!D10 -> 0 | E22: =Stage_Status!E10 -> 0 | F22: =Stage_Status!F10 -> 11
A23: =Stage_Status!A11 -> S9 | B23: =Stage_Status!B11 -> Official Training | C23: =Stage_Status!C11 -> NOT_AUTHORIZED | D23: =Stage_Status!D11 -> 0 | E23: =Stage_Status!E11 -> 0 | F23: =Stage_Status!F11 -> 16
A25: S0 CURRENT EVIDENCE
A26: Git branch | B26: implementation/gate2 | C26: Observed HEAD | D26: 3635635beeff074534013eba5bd978ac34f9e1c9 | E26: Baseline commit? | F26: YES
A27: Governance manifests | B27: CREATED / VALIDATED | C27: Schema verification | D27: PASS | E27: S0 closed? | F27: YES

Sheet Lists
A1: Task Status | B1: Stage Status | C1: Priority | D1: Owner
A2: NOT_STARTED | B2: NOT_OPEN | C2: CRITICAL | D2: Researcher
A3: IN_PROGRESS | B3: IN_PROGRESS | C3: HIGH | D3: ChatGPT Support
A4: PASS | B4: CLOSED / PASS | C4: MEDIUM | D4: Engineer Support
A5: FAIL | B5: BLOCKED / FAIL | C5: LOW | D5: Researcher + Support
A6: BLOCKED | B6: NOT_AUTHORIZED
A7: NOT_APPLICABLE

Sheet Detailed_Tasks
A1: Stage | B1: Task ID | C1: Category | D1: Task / Action | E1: Requirement / Locked Rule | F1: Primary Source | G1: Priority | H1: Status | I1: Evidence / Artifact Path | J1: Expected Result / Gate | K1: Owner | L1: Start Date | M1: Due Date | N1: Completed Date | O1: Blocker / Dependency | P1: Notes
A2: S0 | B2: S0.01 | C2: Governance | D2: Verify canonical filename: sn-article.tex | E2: Canonical scientific source filename must be sn-article.tex. | F2: sn-article.tex / ARTIFACT_AND_EVIDENCE_CONTRACT.md | G2: CRITICAL | H2: PASS | I2: Repository root | J2: Canonical filename present | K2: Researcher
A3: S0 | B3: S0.02 | C3: Governance | D3: Verify SHA-256: sn-article.tex | E3: Must match locked scientific-source SHA-256. | F3: ARTIFACT_AND_EVIDENCE_CONTRACT.md | G3: CRITICAL | H3: PASS | I3: a5f63ff018ee28a37ad2daa3fff337daf6b30faf34d9f12c6ff5c0fa92fe5237 | J3: Hash MATCH | K3: Researcher
A4: S0 | B4: S0.03 | C4: Governance | D4: Verify SHA-256: IMPLEMENTATION_HANDOFF.md | E4: Must match locked implementation handoff SHA-256. | F4: ARTIFACT_AND_EVIDENCE_CONTRACT.md | G4: CRITICAL | H4: PASS | I4: d70e556d45f4a54a5e0498842b4932deef7991de0d986095ec85e546dcc2d026 | J4: Hash MATCH | K4: Researcher
A5: S0 | B5: S0.04 | C5: Governance | D5: Verify SHA-256: ARTIFACT_AND_EVIDENCE_CONTRACT.md | E5: Must match locked artifact contract SHA-256. | F5: ARTIFACT_AND_EVIDENCE_CONTRACT.md | G5: CRITICAL | H5: PASS | I5: 6f59fe4c097173fe0114763762dd191a6f3590caa57b28199b8bcf5100563639 | J5: Hash MATCH | K5: Researcher
A6: S0 | B6: S0.05 | C6: Governance | D6: Verify source priority hierarchy | E6: sn-article.tex > IMPLEMENTATION_HANDOFF.md > ARTIFACT_AND_EVIDENCE_CONTRACT.md > execution tracker > code/config/runtime. | F6: ARTIFACT_AND_EVIDENCE_CONTRACT.md | G6: CRITICAL | H6: PASS | I6: Governance section | J6: Priority order confirmed | K6: Researcher
A7: S0 | B7: S0.06 | C7: Git | D7: Record current Git branch and HEAD commit | E7: Capture branch/commit before implementation baseline. | F7: IMPLEMENTATION_HANDOFF.md / Workbook operational tracker | G7: HIGH | H7: PASS | I7: git status + git log -1 --oneline | J7: branch=implementation/gate2; pre-baseline HEAD=ba16e6a955f414bb7ae075625f9abf1d8dac3485 | K7: Researcher | P7: PASS in current S0 rerun: branch implementation/gate2 recorded before baseline; pre-baseline HEAD=ba16e6a955f414bb7ae075625f9abf1d8dac3485.
A8: S0 | B8: S0.07 | C8: Governance | D8: Create scientific_source_manifest.json | E8: Record canonical source name/hash and lock state. | F8: ARTIFACT_AND_EVIDENCE_CONTRACT.md | G8: HIGH | H8: PASS | I8: artifacts/governance/scientific_source_manifest.json | J8: Schema valid + hash correct | K8: Researcher | P8: Created in current S0 rerun by explicit PowerShell governance-manifest creation command; canonical values subsequently validated by separate JSON/schema/content verification.
A9: S0 | B9: S0.08 | C9: Governance | D9: Create implementation_contract_manifest.json | E9: Record handoff name/hash and source hierarchy. | F9: ARTIFACT_AND_EVIDENCE_CONTRACT.md | G9: HIGH | H9: PASS | I9: artifacts/governance/implementation_contract_manifest.json | J9: Schema valid + hash correct | K9: Researcher | P9: Created in current S0 rerun by explicit PowerShell governance-manifest creation command; canonical values subsequently validated by separate JSON/schema/content verification.
A10: S0 | B10: S0.09 | C10: Governance | D10: Create artifact_contract_manifest.json | E10: Record artifact contract version/schema/hash. | F10: ARTIFACT_AND_EVIDENCE_CONTRACT.md | G10: HIGH | H10: PASS | I10: artifacts/governance/artifact_contract_manifest.json | J10: Schema valid + hash correct | K10: Researcher | P10: Created in current S0 rerun by explicit PowerShell governance-manifest creation command; canonical values subsequently validated by separate JSON/schema/content verification.
A11: S0 | B11: S0.10 | C11: Governance | D11: Create schema_version.json | E11: Record governance/artifact schema versions. | F11: ARTIFACT_AND_EVIDENCE_CONTRACT.md | G11: MEDIUM | H11: PASS | I11: artifacts/governance/schema_version.json | J11: Schema parse PASS | K11: Researcher | P11: Created in current S0 rerun by explicit PowerShell governance-manifest creation command; canonical values subsequently validated by separate JSON/schema/content verification.
A12: S0 | B12: S0.11 | C12: Governance | D12: Verify generated governance manifests and schema | E12: JSON parse PASS; required fields present; canonical names/hashes/source hierarchy consistent with locked contracts. | F12: ARTIFACT_AND_EVIDENCE_CONTRACT.md | G12: CRITICAL | H12: PASS | I12: artifacts/governance/*.json | J12: scientific_source_manifest.json + implementation_contract_manifest.json + artifact_contract_manifest.json + schema_version.json all validate | K12: Researcher | P12: Current S0 evidence: JSON parse PASS; required schema/name/hash/source-hierarchy checks all True; FAILED_COUNT=0; GOVERNANCE_VALIDATION=PASS.
A13: S0 | B13: S0.12 | C13: Git | D13: Create pre-implementation baseline commit | E13: Commit intentional pre-code governance state; no model implementation. | F13: IMPLEMENTATION_HANDOFF.md / Workbook operational tracker | G13: CRITICAL | H13: PASS | I13: Git commit 3635635beeff074534013eba5bd978ac34f9e1c9 | J13: Baseline commit created | K13: Researcher | P13: Pre-implementation baseline commit created and verified on implementation/gate2; exact 8-file scope verified; working tree/index clean after commit; canonical commit hashes matched.
A14: S0 | B14: S0.13 | C14: Git | D14: Create PRE_IMPLEMENTATION_BASELINE tag | E14: Tag exact pre-implementation baseline for rollback. | F14: IMPLEMENTATION_HANDOFF.md / Workbook operational tracker | G14: CRITICAL | H14: PASS | I14: Git tag PRE_IMPLEMENTATION_BASELINE | J14: Tag resolves to baseline commit | K14: Researcher | P14: Tag verified: PRE_IMPLEMENTATION_BASELINE -> 3635635beeff074534013eba5bd978ac34f9e1c9; tag commit equals baseline commit.
A15: S0 | B15: S0.14 | C15: Gate | D15: Close S0 | E15: Only after governance manifests valid and baseline commit/tag exist. | F15: IMPLEMENTATION_HANDOFF.md / ARTIFACT_AND_EVIDENCE_CONTRACT.md | G15: CRITICAL | H15: PASS | I15: Workbook S0 closure record + Git baseline/tag + validated governance manifests | J15: S0 = CLOSED / PASS | K15: Researcher | P15: S0 closure recorded only after S0.01-S0.13 evidence PASS, governance validation PASS, baseline commit verified, PRE_IMPLEMENTATION_BASELINE tag verified, and workbook post-save verification PASS.
A16: S1 | B16: S1.01 | C16: Vast | D16: Provision Vast instance | E16: Use suitable Vast instance; active training/data must use Vast local/persistent storage. | F16: IMPLEMENTATION_HANDOFF.md / Workbook operational tracker | G16: HIGH | H16: NOT_STARTED | I16: vast_environment.json | J16: Instance accessible | K16: Researcher
A17: S1 | B17: S1.02 | C17: Runtime | D17: Pull exact locked Docker image digest | E17: quachthainguyen/sslxray-runtime@sha256:fab1b1ea8850527e5728de526b3d53f063355e84cb3a0d8c75e3a7890411d989. | F17: IMPLEMENTATION_HANDOFF.md | G17: CRITICAL | H17: NOT_STARTED | I17: docker_image_identity.json | J17: Digest MATCH | K17: Researcher
A18: S1 | B18: S1.03 | C18: Runtime | D18: Capture observed Vast runtime | E18: OS/kernel/Python/PyTorch/MMDet/MMCV/MMEngine/CUDA/cuDNN/GPU/driver/Docker digest. | F18: ARTIFACT_AND_EVIDENCE_CONTRACT.md | G18: HIGH | H18: NOT_STARTED | I18: vast_environment.json | J18: Required fields present | K18: Researcher
A19: S1 | B19: S1.04 | C19: Storage | D19: Create project/data/artifact paths on Vast | E19: Separate active data, artifacts, checkpoints and caches. | F19: IMPLEMENTATION_HANDOFF.md / Workbook operational tracker | G19: HIGH | H19: NOT_STARTED | I19: storage_environment.json | J19: Paths writable | K19: Researcher
A20: S1 | B20: S1.05 | C20: Data Ingress | D20: Copy 4,894 JPG from Google Drive to Vast | E20: Drive is transport/durable source only; no direct training I/O. | F20: ARTIFACT_AND_EVIDENCE_CONTRACT.md | G20: CRITICAL | H20: NOT_STARTED | I20: dataset_transfer_manifest.json | J20: Observed JPG count=4894 | K20: Researcher
A21: S1 | B21: S1.06 | C21: Data Integrity | D21: Verify JPG count / missing / unexpected | E21: Expected=4894; missing=0; unexpected=0. | F21: ARTIFACT_AND_EVIDENCE_CONTRACT.md | G21: CRITICAL | H21: NOT_STARTED | I21: dataset_integrity_report.json | J21: 4894/0/0 | K21: Researcher
A22: S1 | B22: S1.07 | C22: Data Integrity | D22: Verify fixed split membership | E22: Train/val/test=3426/734/734; membership hashes fixed. | F22: IMPLEMENTATION_HANDOFF.md | G22: CRITICAL | H22: NOT_STARTED | I22: split_membership_audit.json | J22: Counts + hashes MATCH | K22: Researcher
A23: S1 | B23: S1.08 | C23: Data Integrity | D23: Verify No Finding counts and zero-GT identity | E23: Train/val/test No Finding=350/75/75; not class 15. | F23: IMPLEMENTATION_HANDOFF.md | G23: HIGH | H23: NOT_STARTED | I23: split_membership_audit.json | J23: Counts MATCH | K23: Researcher
A24: S1 | B24: S1.09 | C24: Data Integrity | D24: Verify L_b/U_b memberships | E24: Budgets 1/5/10/20%; nested; U=T\L; exact sizes. | F24: IMPLEMENTATION_HANDOFF.md | G24: CRITICAL | H24: NOT_STARTED | I24: labeled_unlabeled_membership_audit.json | J24: All relations MATCH | K24: Researcher
A25: S1 | B25: S1.10 | C25: Data Integrity | D25: Verify 1% subset coverage identity | E25: 34 images; 14/14 classes; dedicated coverage repair moves=0. | F25: IMPLEMENTATION_HANDOFF.md | G25: HIGH | H25: NOT_STARTED | I25: labeled_unlabeled_membership_audit.json | J25: 34 + 14/14 | K25: Researcher
A26: S1 | B26: S1.11 | C26: Data Integrity | D26: Verify class mapping | E26: Exactly 14 detection classes; No Finding not category 15. | F26: IMPLEMENTATION_HANDOFF.md | G26: CRITICAL | H26: NOT_STARTED | I26: class_mapping_audit.json | J26: 14 classes MATCH | K26: Researcher
A27: S1 | B27: S1.12 | C27: Storage | D27: Verify training path is Vast local/persistent | E27: DataLoader must not resolve direct Google Drive paths. | F27: ARTIFACT_AND_EVIDENCE_CONTRACT.md | G27: CRITICAL | H27: NOT_STARTED | I27: dataset_loader_manifest.json | J27: direct_google_drive_io_for_training=false | K27: Researcher
... A161: S9 | B161: S9.16 | C161: Analysis | D161: Generate paired effects + RQ1–RQ7 | E161: Use locked statistical implementation. | F161: ARTIFACT_AND_EVIDENCE_CONTRACT.md | G161: HIGH | H161: NOT_STARTED | I161: analysis/rq1..rq7 | J161: Complete | K161: Researcher

Sheet Stage_Status
A1: Stage | B1: Name | C1: Stage Status | D1: Progress % | E1: PASS | F1: Total Tasks | G1: FAIL | H1: BLOCKED | I1: IN PROGRESS | J1: Purpose | K1: Gate to Next Stage | L1: Dependency | M1: Start Date | N1: End Date | O1: Owner | P1: Notes
A2: S0 | B2: Source / Protocol Lock Verification | C2: CLOSED / PASS | D2: 1 | E2: 14 | F2: 14 | G2: 0 | H2: 0 | I2: 0 | J2: Verify canonical locked sources, hashes, Git baseline and governance manifests. | K2: S0 governance artifacts valid + baseline commit/tag created | L2: None | O2: Researcher | P2: S0 CLOSED / PASS. All 14 S0 tasks have evidence. Governance manifests validated; baseline commit=3635635beeff074534013eba5bd978ac34f9e1c9; PRE_IMPLEMENTATION_BASELINE resolves to the same commit.
A3: S1 | B3: Vast Runtime + Data Ingress + Storage/Backup | C3: NOT_OPEN | D3: =IF(F3=0,0,E3/F3) -> 0 | E3: =COUNTIFS(Detailed_Tasks!$A:$A,A3,Detailed_Tasks!$H:$H,"PASS") -> 0 | F3: =COUNTIF(Detailed_Tasks!$A:$A,A3) -> 16 | G3: =COUNTIFS(Detailed_Tasks!$A:$A,A3,Detailed_Tasks!$H:$H,"FAIL") -> 0 | H3: =COUNTIFS(Detailed_Tasks!$A:$A,A3,Detailed_Tasks!$H:$H,"BLOCKED") -> 0 | I3: =COUNTIFS(Detailed_Tasks!$A:$A,A3,Detailed_Tasks!$H:$H,"IN_PROGRESS") -> 0 | J3: Provision exact Vast runtime, transfer 4,894 JPG to Vast local/persistent storage, verify integrity and backup/restore foundation. | K3: Runtime + 4,894 JPG + membership + storage/backup verification PASS | L3: S0 = CLOSED / PASS | O3: Researcher
A4: S2 | B4: Shared Infrastructure | C4: NOT_OPEN | D4: =IF(F4=0,0,E4/F4) -> 0 | E4: =COUNTIFS(Detailed_Tasks!$A:$A,A4,Detailed_Tasks!$H:$H,"PASS") -> 0 | F4: =COUNTIF(Detailed_Tasks!$A:$A,A4) -> 16 | G4: =COUNTIFS(Detailed_Tasks!$A:$A,A4,Detailed_Tasks!$H:$H,"FAIL") -> 0 | H4: =COUNTIFS(Detailed_Tasks!$A:$A,A4,Detailed_Tasks!$H:$H,"BLOCKED") -> 0 | I4: =COUNTIFS(Detailed_Tasks!$A:$A,A4,Detailed_Tasks!$H:$H,"IN_PROGRESS") -> 0 | J4: Implement shared dataset/loading/seeding/logging/checkpoint/guardrail infrastructure. | K4: Shared infrastructure tests PASS | L4: S1 = CLOSED / PASS | O4: Researcher
A5: S3 | B5: Supervised Baseline | C5: NOT_OPEN | D5: =IF(F5=0,0,E5/F5) -> 0 | E5: =COUNTIFS(Detailed_Tasks!$A:$A,A5,Detailed_Tasks!$H:$H,"PASS") -> 0 | F5: =COUNTIF(Detailed_Tasks!$A:$A,A5) -> 14 | G5: =COUNTIFS(Detailed_Tasks!$A:$A,A5,Detailed_Tasks!$H:$H,"FAIL") -> 0 | H5: =COUNTIFS(Detailed_Tasks!$A:$A,A5,Detailed_Tasks!$H:$H,"BLOCKED") -> 0 | I5: =COUNTIFS(Detailed_Tasks!$A:$A,A5,Detailed_Tasks!$H:$H,"IN_PROGRESS") -> 0 | J5: Implement and preflight R50/Swin supervised paths and all scheduler/update branches. | K5: All SUP official execution paths verified | L5: S2 = CLOSED / PASS | O5: Researcher
A6: S4 | B6: SSL Teacher–Student / EMA / Pseudo-label | C6: NOT_OPEN | D6: =IF(F6=0,0,E6/F6) -> 0 | E6: =COUNTIFS(Detailed_Tasks!$A:$A,A6,Detailed_Tasks!$H:$H,"PASS") -> 0 | F6: =COUNTIF(Detailed_Tasks!$A:$A,A6) -> 20 | G6: =COUNTIFS(Detailed_Tasks!$A:$A,A6,Detailed_Tasks!$H:$H,"FAIL") -> 0 | H6: =COUNTIFS(Detailed_Tasks!$A:$A,A6,Detailed_Tasks!$H:$H,"BLOCKED") -> 0 | I6: =COUNTIFS(Detailed_Tasks!$A:$A,A6,Detailed_Tasks!$H:$H,"IN_PROGRESS") -> 0 | J6: Implement and preflight Teacher/Student, EMA, pseudo-label, augmentation, hidden-U firewall and resume behavior. | K6: All SSL paths + firewall + EMA/AMP/geometry PASS | L6: S3 = CLOSED / PASS | O6: Researcher
A7: S5 | B7: Evaluation + Q_pseudo | C7: NOT_OPEN | D7: =IF(F7=0,0,E7/F7) -> 0 | E7: =COUNTIFS(Detailed_Tasks!$A:$A,A7,Detailed_Tasks!$H:$H,"PASS") -> 0 | F7: =COUNTIF(Detailed_Tasks!$A:$A,A7) -> 10 | G7: =COUNTIFS(Detailed_Tasks!$A:$A,A7,Detailed_Tasks!$H:$H,"FAIL") -> 0 | H7: =COUNTIFS(Detailed_Tasks!$A:$A,A7,Detailed_Tasks!$H:$H,"BLOCKED") -> 0 | I7: =COUNTIFS(Detailed_Tasks!$A:$A,A7,Detailed_Tasks!$H:$H,"IN_PROGRESS") -> 0 | J7: Implement COCO evaluator, operating-point metrics and Q_pseudo path before test is opened. | K7: Evaluator golden tests + validation/test firewall PASS | L7: S4 = CLOSED / PASS | O7: Researcher
A8: S6 | B8: Statistical Fixtures | C8: NOT_OPEN | D8: =IF(F8=0,0,E8/F8) -> 0 | E8: =COUNTIFS(Detailed_Tasks!$A:$A,A8,Detailed_Tasks!$H:$H,"PASS") -> 0 | F8: =COUNTIF(Detailed_Tasks!$A:$A,A8) -> 16 | G8: =COUNTIFS(Detailed_Tasks!$A:$A,A8,Detailed_Tasks!$H:$H,"FAIL") -> 0 | H8: =COUNTIFS(Detailed_Tasks!$A:$A,A8,Detailed_Tasks!$H:$H,"BLOCKED") -> 0 | I8: =COUNTIFS(Detailed_Tasks!$A:$A,A8,Detailed_Tasks!$H:$H,"IN_PROGRESS") -> 0 | J8: Implement statistical analysis functions and verify with synthetic/golden fixtures. | K8: All statistical fixtures PASS | L8: S5 = CLOSED / PASS | O8: Researcher
A9: S7 | B9: Global Preflight | C9: NOT_OPEN | D9: =IF(F9=0,0,E9/F9) -> 0 | E9: =COUNTIFS(Detailed_Tasks!$A:$A,A9,Detailed_Tasks!$H:$H,"PASS") -> 0 | F9: =COUNTIF(Detailed_Tasks!$A:$A,A9) -> 27 | G9: =COUNTIFS(Detailed_Tasks!$A:$A,A9,Detailed_Tasks!$H:$H,"FAIL") -> 0 | H9: =COUNTIFS(Detailed_Tasks!$A:$A,A9,Detailed_Tasks!$H:$H,"BLOCKED") -> 0 | I9: =COUNTIFS(Detailed_Tasks!$A:$A,A9,Detailed_Tasks!$H:$H,"IN_PROGRESS") -> 0 | J9: Audit all official execution paths against closure criteria and artifact contract. | K9: GLOBAL_PREFLIGHT_REPORT = PASS; no unresolved protocol-relevant warning | L9: S6 = CLOSED / PASS | O9: Researcher
A10: S8 | B10: Freeze + Researcher Authorization | C10: NOT_OPEN | D10: =IF(F10=0,0,E10/F10) -> 0 | E10: =COUNTIFS(Detailed_Tasks!$A:$A,A10,Detailed_Tasks!$H:$H,"PASS") -> 0 | F10: =COUNTIF(Detailed_Tasks!$A:$A,A10) -> 11 | G10: =COUNTIFS(Detailed_Tasks!$A:$A,A10,Detailed_Tasks!$H:$H,"FAIL") -> 0 | H10: =COUNTIFS(Detailed_Tasks!$A:$A,A10,Detailed_Tasks!$H:$H,"BLOCKED") -> 0 | I10: =COUNTIFS(Detailed_Tasks!$A:$A,A10,Detailed_Tasks!$H:$H,"IN_PROGRESS") -> 0 | J10: Freeze exact executable source/config/data/evaluator/statistics/environment and obtain researcher authorization. | K10: Freeze manifests valid + RESEARCHER AUTHORIZATION = YES | L10: S7 = CLOSED / PASS | O10: Researcher
A11: S9 | B11: Official Training | C11: NOT_AUTHORIZED | D11: =IF(F11=0,0,E11/F11) -> 0 | E11: =COUNTIFS(Detailed_Tasks!$A:$A,A11,Detailed_Tasks!$H:$H,"PASS") -> 0 | F11: =COUNTIF(Detailed_Tasks!$A:$A,A11) -> 16 | G11: =COUNTIFS(Detailed_Tasks!$A:$A,A11,Detailed_Tasks!$H:$H,"FAIL") -> 0 | H11: =COUNTIFS(Detailed_Tasks!$A:$A,A11,Detailed_Tasks!$H:$H,"BLOCKED") -> 0 | I11: =COUNTIFS(Detailed_Tasks!$A:$A,A11,Detailed_Tasks!$H:$H,"IN_PROGRESS") -> 0 | J11: Execute official Main/reference matrix only after S8 PASS. | K11: S8 PASS required before any official run | L11: S8 = CLOSED / PASS | O11: Researcher

Sheet Evidence_Register
A1: Evidence ID | B1: Stage | C1: Artifact / Evidence | D1: Type | E1: Required? | F1: Status | G1: Expected Path | H1: Observed Path | I1: SHA-256 / Identity | J1: Verification | K1: Source | L1: Notes
A2: E001 | B2: S0 | C2: Repository root | D2: Artifact/Evidence | E2: YES | F2: VERIFIED | G2: Repository root | H2: D:\ssl_detection_xray_v2 | I2: 4 canonical/operational filenames present | J2: PASS | K2: sn-article.tex / ARTIFACT_AND_EVIDENCE_CONTRACT.md
A3: E002 | B3: S0 | C3: a5f63ff018ee28a37ad2daa3fff337daf6b30faf34d9f12c6ff5c0fa92fe5237 | D3: Artifact/Evidence | E3: YES | F3: VERIFIED | G3: a5f63ff018ee28a37ad2daa3fff337daf6b30faf34d9f12c6ff5c0fa92fe5237 | H3: sn-article.tex | I3: a5f63ff018ee28a37ad2daa3fff337daf6b30faf34d9f12c6ff5c0fa92fe5237 | J3: PASS | K3: ARTIFACT_AND_EVIDENCE_CONTRACT.md
A4: E003 | B4: S0 | C4: d70e556d45f4a54a5e0498842b4932deef7991de0d986095ec85e546dcc2d026 | D4: Artifact/Evidence | E4: YES | F4: VERIFIED | G4: d70e556d45f4a54a5e0498842b4932deef7991de0d986095ec85e546dcc2d026 | H4: IMPLEMENTATION_HANDOFF.md | I4: d70e556d45f4a54a5e0498842b4932deef7991de0d986095ec85e546dcc2d026 | J4: PASS | K4: ARTIFACT_AND_EVIDENCE_CONTRACT.md
A5: E004 | B5: S0 | C5: 6f59fe4c097173fe0114763762dd191a6f3590caa57b28199b8bcf5100563639 | D5: Artifact/Evidence | E5: YES | F5: VERIFIED | G5: 6f59fe4c097173fe0114763762dd191a6f3590caa57b28199b8bcf5100563639 | H5: ARTIFACT_AND_EVIDENCE_CONTRACT.md | I5: 6f59fe4c097173fe0114763762dd191a6f3590caa57b28199b8bcf5100563639 | J5: PASS | K5: ARTIFACT_AND_EVIDENCE_CONTRACT.md
A6: E005 | B6: S0 | C6: Governance section | D6: Artifact/Evidence | E6: YES | F6: VERIFIED | G6: Governance section | H6: sn-article.tex > IMPLEMENTATION_HANDOFF.md > ARTIFACT_AND_EVIDENCE_CONTRACT.md > workbook | I6: SOURCE_HIERARCHY_LOCKED | J6: PASS | K6: ARTIFACT_AND_EVIDENCE_CONTRACT.md
A7: E006 | B7: S0 | C7: artifacts/governance/*.json | D7: Governance validation | E7: YES | F7: VERIFIED | G7: artifacts/governance/*.json | H7: artifacts/governance/*.json | I7: FAILED_COUNT=0; GOVERNANCE_VALIDATION=PASS | J7: PASS | K7: ARTIFACT_AND_EVIDENCE_CONTRACT.md | L7: Validate the four generated S0 governance JSON manifests before baseline closure.
A8: E007 | B8: S0 | C8: artifacts/governance/scientific_source_manifest.json | D8: Artifact/Evidence | E8: YES | F8: CREATED | G8: artifacts/governance/scientific_source_manifest.json | H8: artifacts/governance/scientific_source_manifest.json | I8: schema_version=1.1; source hash verified | J8: PASS | K8: ARTIFACT_AND_EVIDENCE_CONTRACT.md
A9: E008 | B9: S0 | C9: artifacts/governance/implementation_contract_manifest.json | D9: Artifact/Evidence | E9: YES | F9: CREATED | G9: artifacts/governance/implementation_contract_manifest.json | H9: artifacts/governance/implementation_contract_manifest.json | I9: schema_version=1.1; implementation/source hashes verified | J9: PASS | K9: ARTIFACT_AND_EVIDENCE_CONTRACT.md
A10: E009 | B10: S0 | C10: artifacts/governance/artifact_contract_manifest.json | D10: Artifact/Evidence | E10: YES | F10: CREATED | G10: artifacts/governance/artifact_contract_manifest.json | H10: artifacts/governance/artifact_contract_manifest.json | I10: artifact_contract_version=1.1.0; schema_version=1.1; hierarchy/hashes verified | J10: PASS | K10: ARTIFACT_AND_EVIDENCE_CONTRACT.md
A11: E010 | B11: S0 | C11: artifacts/governance/schema_version.json | D11: Artifact/Evidence | E11: YES | F11: CREATED | G11: artifacts/governance/schema_version.json | H11: artifacts/governance/schema_version.json | I11: schema_version=1.1; artifact_contract_version=1.1.0 | J11: PASS | K11: ARTIFACT_AND_EVIDENCE_CONTRACT.md
A12: E011 | B12: S0 | C12: Git history | D12: Artifact/Evidence | E12: YES | F12: CREATED | G12: Git history | H12: Git commit 3635635beeff074534013eba5bd978ac34f9e1c9 | I12: 3635635beeff074534013eba5bd978ac34f9e1c9 | J12: PASS | K12: IMPLEMENTATION_HANDOFF.md / Workbook operational tracker
A13: E012 | B13: S0 | C13: Git tag PRE_IMPLEMENTATION_BASELINE | D13: Artifact/Evidence | E13: YES | F13: CREATED | G13: Git tag PRE_IMPLEMENTATION_BASELINE | H13: PRE_IMPLEMENTATION_BASELINE | I13: 3635635beeff074534013eba5bd978ac34f9e1c9 | J13: PASS | K13: IMPLEMENTATION_HANDOFF.md / Workbook operational tracker
A14: E013 | B14: S0 | C14: SOURCE_PROTOCOL_LOCK_REPORT.json | D14: Artifact/Evidence | E14: NO | F14: NOT_APPLICABLE | G14: SOURCE_PROTOCOL_LOCK_REPORT.json | J14: NOT_APPLICABLE | K14: IMPLEMENTATION_HANDOFF.md / Workbook operational tracker | L14: Not mandatory under the locked ARTIFACT_AND_EVIDENCE_CONTRACT. Retained only as a non-required historical tracker row; it must not gate S0 closure.
A15: E014 | B15: S1 | C15: vast_environment.json | D15: Artifact/Evidence | E15: YES | F15: NOT_CREATED | G15: vast_environment.json | J15: PENDING | K15: IMPLEMENTATION_HANDOFF.md / Workbook operational tracker
A16: E015 | B16: S1 | C16: docker_image_identity.json | D16: Artifact/Evidence | E16: YES | F16: NOT_CREATED | G16: docker_image_identity.json | J16: PENDING | K16: IMPLEMENTATION_HANDOFF.md
A17: E016 | B17: S1 | C17: storage_environment.json | D17: Artifact/Evidence | E17: YES | F17: NOT_CREATED | G17: storage_environment.json | J17: PENDING | K17: IMPLEMENTATION_HANDOFF.md / Workbook operational tracker
A18: E017 | B18: S1 | C18: dataset_transfer_manifest.json | D18: Artifact/Evidence | E18: YES | F18: NOT_CREATED | G18: dataset_transfer_manifest.json | J18: PENDING | K18: ARTIFACT_AND_EVIDENCE_CONTRACT.md
A19: E018 | B19: S1 | C19: dataset_integrity_report.json | D19: Artifact/Evidence | E19: YES | F19: NOT_CREATED | G19: dataset_integrity_report.json | J19: PENDING | K19: ARTIFACT_AND_EVIDENCE_CONTRACT.md
A20: E019 | B20: S1 | C20: split_membership_audit.json | D20: Artifact/Evidence | E20: YES | F20: NOT_CREATED | G20: split_membership_audit.json | J20: PENDING | K20: IMPLEMENTATION_HANDOFF.md
A21: E020 | B21: S1 | C21: labeled_unlabeled_membership_audit.json | D21: Artifact/Evidence | E21: YES | F21: NOT_CREATED | G21: labeled_unlabeled_membership_audit.json | J21: PENDING | K21: IMPLEMENTATION_HANDOFF.md
A22: E021 | B22: S1 | C22: class_mapping_audit.json | D22: Artifact/Evidence | E22: YES | F22: NOT_CREATED | G22: class_mapping_audit.json | J22: PENDING | K22: IMPLEMENTATION_HANDOFF.md
A23: E022 | B23: S1 | C23: dataset_loader_manifest.json | D23: Artifact/Evidence | E23: YES | F23: NOT_CREATED | G23: dataset_loader_manifest.json | J23: PENDING | K23: ARTIFACT_AND_EVIDENCE_CONTRACT.md
A24: E023 | B24: S1 | C24: backup_sync_manifest.json | D24: Artifact/Evidence | E24: YES | F24: NOT_CREATED | G24: backup_sync_manifest.json | J24: PENDING | K24: ARTIFACT_AND_EVIDENCE_CONTRACT.md
A25: E024 | B25: S1 | C25: storage_restore_test.json | D25: Artifact/Evidence | E25: YES | F25: NOT_CREATED | G25: storage_restore_test.json | J25: PENDING | K25: ARTIFACT_AND_EVIDENCE_CONTRACT.md
A26: E025 | B26: S1 | C26: S1 closure record | D26: Artifact/Evidence | E26: YES | F26: NOT_CREATED | G26: S1 closure record | J26: PENDING | K26: IMPLEMENTATION_HANDOFF.md / Workbook operational tracker
... A120: E119 | B120: S9 | C120: analysis/rq1..rq7 | D120: Artifact/Evidence | E120: YES | F120: NOT_CREATED | G120: analysis/rq1..rq7 | J120: PENDING | K120: ARTIFACT_AND_EVIDENCE_CONTRACT.md

Sheet Risks_Blockers
A1: Risk ID | B1: Stage | C1: Date Raised | D1: Category | E1: Description | F1: Severity | G1: Probability | H1: Status | I1: Owner | J1: Mitigation / Next Action | K1: Evidence / Link | L1: Resolved Date | M1: Notes
A2: R001 | B2: S1 | D2: Storage | E2: Vast instance may be terminated before checkpoints/logs are durably backed up. | F2: CRITICAL | G2: MEDIUM | H2: OPEN | I2: Researcher | J2: Implement verified continuous backup + restore test before model implementation. | K2: backup_sync_manifest.json
A3: R002 | B3: S1 | D3: Data | E3: Training directly from Google Drive could cause unstable I/O and violate storage contract. | F3: HIGH | G3: LOW | H3: OPEN | I3: Researcher | J3: Force DataLoader image root to Vast local/persistent storage. | K3: dataset_loader_manifest.json
A4: R003 | B4: S4 | D4: Scientific | E4: Hidden U ground truth could leak via dataset/evaluator hooks. | F4: CRITICAL | G4: LOW | H4: OPEN | I4: Researcher | J4: Hard firewall test before official SSL path. | K4: hidden_u_gt_firewall_report.json
A5: R004 | B5: S9 | D5: Recovery | E5: Technical interruption could lose optimizer/Teacher/AMP state. | F5: HIGH | G5: MEDIUM | H5: OPEN | I5: Researcher | J5: Verify latest_resume and same-seed resume path before S8. | K5: resume_equivalence_test.json

Sheet S9_Official_Matrix
A1: Run ID | B1: Condition Role | C1: Method | D1: Architecture | E1: Budget | F1: Seed Index | G1: Training Seed | H1: Expected | I1: Training Status | J1: Attempt Used | K1: BEST Checkpoint | L1: LAST Checkpoint | M1: Q_pseudo Status | N1: Backup Verified | O1: Eligible Final Test | P1: Final Eval Status | Q1: Notes
A2: OFF_SUP_R50_B01_S01 | B2: MAIN_LOW_LABEL | C2: SUP | D2: R50-FPN | E2: B01 | F2: 1 | G2: 204886845 | H2: YES | I2: NOT_STARTED | M2: NOT_APPLICABLE | N2: NO | O2: NO | P2: NOT_AUTHORIZED
A3: OFF_SUP_R50_B01_S02 | B3: MAIN_LOW_LABEL | C3: SUP | D3: R50-FPN | E3: B01 | F3: 2 | G3: 1480646854 | H3: YES | I3: NOT_STARTED | M3: NOT_APPLICABLE | N3: NO | O3: NO | P3: NOT_AUTHORIZED
A4: OFF_SUP_R50_B01_S03 | B4: MAIN_LOW_LABEL | C4: SUP | D4: R50-FPN | E4: B01 | F4: 3 | G4: 1798418854 | H4: YES | I4: NOT_STARTED | M4: NOT_APPLICABLE | N4: NO | O4: NO | P4: NOT_AUTHORIZED
A5: OFF_SUP_R50_B01_S04 | B5: MAIN_LOW_LABEL | C5: SUP | D5: R50-FPN | E5: B01 | F5: 4 | G5: 2045683682 | H5: YES | I5: NOT_STARTED | M5: NOT_APPLICABLE | N5: NO | O5: NO | P5: NOT_AUTHORIZED
A6: OFF_SUP_R50_B01_S05 | B6: MAIN_LOW_LABEL | C6: SUP | D6: R50-FPN | E6: B01 | F6: 5 | G6: 1814859839 | H6: YES | I6: NOT_STARTED | M6: NOT_APPLICABLE | N6: NO | O6: NO | P6: NOT_AUTHORIZED
A7: OFF_SUP_R50_B01_S06 | B7: MAIN_LOW_LABEL | C7: SUP | D7: R50-FPN | E7: B01 | F7: 6 | G7: 1603952859 | H7: YES | I7: NOT_STARTED | M7: NOT_APPLICABLE | N7: NO | O7: NO | P7: NOT_AUTHORIZED
A8: OFF_SUP_R50_B01_S07 | B8: MAIN_LOW_LABEL | C8: SUP | D8: R50-FPN | E8: B01 | F8: 7 | G8: 1878351743 | H8: YES | I8: NOT_STARTED | M8: NOT_APPLICABLE | N8: NO | O8: NO | P8: NOT_AUTHORIZED
A9: OFF_SUP_R50_B01_S08 | B9: MAIN_LOW_LABEL | C9: SUP | D9: R50-FPN | E9: B01 | F9: 8 | G9: 875651179 | H9: YES | I9: NOT_STARTED | M9: NOT_APPLICABLE | N9: NO | O9: NO | P9: NOT_AUTHORIZED
A10: OFF_SUP_R50_B01_S09 | B10: MAIN_LOW_LABEL | C10: SUP | D10: R50-FPN | E10: B01 | F10: 9 | G10: 477581743 | H10: YES | I10: NOT_STARTED | M10: NOT_APPLICABLE | N10: NO | O10: NO | P10: NOT_AUTHORIZED
A11: OFF_SUP_R50_B01_S10 | B11: MAIN_LOW_LABEL | C11: SUP | D11: R50-FPN | E11: B01 | F11: 10 | G11: 869675675 | H11: YES | I11: NOT_STARTED | M11: NOT_APPLICABLE | N11: NO | O11: NO | P11: NOT_AUTHORIZED
A12: OFF_SUP_R50_B05_S01 | B12: MAIN_LOW_LABEL | C12: SUP | D12: R50-FPN | E12: B05 | F12: 1 | G12: 204886845 | H12: YES | I12: NOT_STARTED | M12: NOT_APPLICABLE | N12: NO | O12: NO | P12: NOT_AUTHORIZED
A13: OFF_SUP_R50_B05_S02 | B13: MAIN_LOW_LABEL | C13: SUP | D13: R50-FPN | E13: B05 | F13: 2 | G13: 1480646854 | H13: YES | I13: NOT_STARTED | M13: NOT_APPLICABLE | N13: NO | O13: NO | P13: NOT_AUTHORIZED
... A181: OFF_SUP_SWIN_B100_S10 | B181: SUP_REFERENCE | C181: SUP | D181: Swin-T-FPN | E181: B100 | F181: 10 | G181: 869675675 | H181: YES | I181: NOT_STARTED | M181: NOT_APPLICABLE | N181: NO | O181: NO | P181: NOT_AUTHORIZED

Sheet Reference_Locks
A1: LOCKED REFERENCES & SCIENTIFIC CONSTANTS
A4: Priority | B4: File | C4: Role | D4: SHA-256 | E4: State | F4: Rule
A5: Priority 1 | B5: sn-article.tex | C5: Scientific source of truth | D5: a5f63ff018ee28a37ad2daa3fff337daf6b30faf34d9f12c6ff5c0fa92fe5237 | E5: LOCKED | F5: Methodology wins
A6: Priority 2 | B6: IMPLEMENTATION_HANDOFF.md | C6: Implementation contract | D6: d70e556d45f4a54a5e0498842b4932deef7991de0d986095ec85e546dcc2d026 | E6: LOCKED | F6: No scientific drift
A7: Priority 3 | B7: ARTIFACT_AND_EVIDENCE_CONTRACT.md | C7: Artifact/evidence contract | D7: 6f59fe4c097173fe0114763762dd191a6f3590caa57b28199b8bcf5100563639 | E7: LOCKED | F7: Artifact contract v1.1.0
A8: Operational | B8: SSOD_S0_S9_Implementation_Management_Dashboard.xlsx | C8: S0–S9 execution tracker / project control | E8: LIVE TRACKER | F8: Operational only; not part of the locked contract hierarchy
A11: Locked Item | B11: Value | C11: Unit/Role | D11: Notes
A12: Dataset images | B12: 4894 | C12: images | D12: Controlled working scope
A13: Train / Val / Test | B13: 3426 / 734 / 734 | C13: images | D13: Fixed membership
A14: No Finding train/val/test | B14: 350 / 75 / 75 | C14: images | D14: Zero-GT; not class 15
A15: Detection classes | B15: 14 | C15: classes | D15: Abnormality classes
A16: partition_seed | B16: 42 | C16: integer | D16: No seed search
A17: Training seeds | B17: 10 | C17: seeds | D17: Same ordered list SUP/SSL
A18: Official main/reference runs | B18: 180 | C18: runs | D18: 80 SUP low-label + 20 SUP100 + 80 SSL
A19: Validation interval | B19: 172 | C19: actual optimizer updates | D19: All official training
A20: Standard updates | B20: 2064 | C20: updates | D20: 5/10/20%
A21: 1% updates | B21: 1032 | C21: updates | D21: Proportional schedule
A22: 100%-SUP updates | B22: 10284 | C22: updates | D22: Reference path
A23: SSL EMA momentum | B23: 0.001 | C23: MeanTeacherHook momentum | D23: Teacher=.999 old+.001 Student
A24: SSL L:U | B24: 1:1 | C24: ratio | D24: B_L_eff=4; B_U_eff=4
A25: SSL unsup weight | B25: 4 | C25: lambda_u | D25: No ramp/burn-in
A26: Q_pseudo | B26: PL-mAP@[.50:.95] | C26: validation | D26: LAST EMA Teacher

Sheet Source_Map
A1: Source | B1: Role | C1: Priority | D1: Workbook Usage | E1: State | F1: Notes
A2: sn-article.tex | B2: Scientific methodology | C2: 1 | D2: Scientific behavior, evaluation, statistics, ablation, locked values | E2: LOCKED | F2: Canonical scientific source
A3: IMPLEMENTATION_HANDOFF.md | B3: Implementation contract | C3: 2 | D3: Execution requirements, preflight closure, prohibited behaviors, official matrix | E3: LOCKED | F3: Operational seed list included
A4: ARTIFACT_AND_EVIDENCE_CONTRACT.md | B4: Artifact/evidence contract | C4: 3 | D4: Evidence paths, manifests, backup, final-test gate, provenance | E4: LOCKED | F4: v1.1.0
A5: SSOD_S0_S9_Implementation_Management_Dashboard.xlsx | B5: Operational execution tracker | C5: Non-contract | D5: Stage status, detailed tasks, evidence register, risks/blockers, S9 run matrix and dashboard | E5: LIVE TRACKER | F5: The only S0–S9 execution tracker; does not override the three locked canonical documents
